source,target
0,120
0,35
1,88
1,12
2,280
2,151
3,1646
4,20
4,6
5,113
5,10
6,109
7,930
7,649
8,651
8,582
9,121
10,223
10,104
11,2689
11,1386
12,270
12,4
13,15
13,1
14,254
14,24
15,155
15,45
16,323
16,127
17,111
17,5
18,236
18,205
19,6
20,604
22,805
22,323
23,1386
23,908
24,908
24,323
25,98
25,36
26,2587
26,1515
27,115
27,98
28,654
28,278
29,20
29,10
30,285
30,6
32,35
32,4
33,1272
33,205
34,768
34,326
35,710
35,323
36,121
36,120
38,86
38,3
39,6
40,388
40,48
41,56
41,4
42,2230
43,226
44,1076
44,87
45,253
45,127
46,225
46,35
47,29
47,4
48,325
48,6
49,6
50,63
50,10
51,109
52,69
52,53
53,959
53,87
54,116
55,22
55,4
56,325
56,6
57,682
57,109
58,564
58,4
59,6
59,2
61,1487
61,127
62,2632
62,323
63,20
63,6
64,254
65,51
65,6
66,35
66,11
67,710
67,120
68,134
68,56
70,582
70,8
71,6
71,4
72,41
72,7
73,121
75,169
75,109
76,524
76,121
77,182
77,98
78,58
78,7
79,6
80,122
80,6
81,1386
81,347
82,2128
82,11
83,6
84,125
86,88
86,12
87,6
88,20
88,6
89,171
89,127
91,908
92,127
92,16
93,127
94,254
94,179
96,10
96,6
97,6
98,121
99,479
99,384
100,228
100,43
101,36
101,2
102,6
103,633
103,4
104,253
105,570
105,127
106,88
106,7
107,121
107,70
108,161
108,2
110,585
110,179
111,98
111,43
112,171
112,159
113,39
113,6
114,908
114,127
115,120
115,16
116,725
116,671
117,35
117,6
118,541
118,35
119,79
119,43
120,1774
120,1386
121,238
121,127
122,127
122,121
123,6
123,2
125,334
125,141
126,98
126,73
128,6
129,334
129,8
130,29
130,20
131,62
132,565
133,1204
133,166
135,294
136,43
137,120
137,11
139,173
139,170
140,121
141,60
141,6
142,24
142,6
143,182
143,79
144,114
144,35
145,121
145,120
146,65
146,19
148,254
148,147
149,636
150,274
150,6
151,127
151,121
152,1204
152,287
153,737
153,287
155,70
156,215
156,8
157,7
158,108
158,19
159,6
162,10
162,4
164,242
164,230
165,325
165,253
166,179
166,70
167,983
167,208
168,407
168,127
169,1237
169,127
171,758
171,215
172,59
172,6
173,88
173,12
174,323
174,127
175,98
175,2
176,39
176,22
177,227
177,60
178,710
178,127
179,2128
179,82
180,1524
180,161
181,196
181,51
182,6
183,98
183,58
184,189
184,174
185,651
185,121
186,127
186,6
187,636
187,323
188,948
188,229
189,226
189,35
190,729
190,73
191,713
191,254
192,534
192,15
193,547
193,35
194,6
194,2
195,23
195,11
196,1191
197,805
197,254
198,134
198,48
199,16
200,253
200,24
201,830
201,280
202,61
202,0
203,1804
203,669
204,1774
204,1386
205,4
206,638
206,3
207,196
207,121
209,229
209,2
210,191
210,168
211,651
211,11
213,166
215,2080
215,227
216,31
216,6
217,426
218,626
218,125
219,15
219,1
220,88
220,12
221,23
222,287
222,62
223,127
223,121
224,2146
224,555
225,121
227,127
227,16
228,2
230,604
231,36
233,121
233,8
234,920
234,22
235,12
236,6
237,986
237,805
238,1386
239,134
240,6
241,325
241,280
242,2587
242,254
243,51
243,6
244,43
245,280
245,60
246,70
246,2
247,280
247,134
248,19
248,10
249,69
250,166
250,0
251,259
251,73
252,173
252,18
253,2128
257,392
257,29
259,121
259,23
261,1386
261,127
262,6
263,29
263,4
264,57
264,6
265,121
265,8
266,16
267,134
267,70
268,77
268,59
269,406
269,70
270,756
271,71
273,191
273,9
274,121
275,1394
275,0
276,69
276,6
277,716
277,236
278,805
278,323
279,604
279,155
280,323
281,181
281,94
282,242
282,107
283,215
283,10
284,564
284,89
285,114
285,31
286,229
286,87
287,1072
287,166
288,306
289,313
289,62
290,11
291,88
293,127
294,582
294,127
296,1161
296,798
297,1180
298,120
300,109
302,2587
302,127
303,6
304,33
304,18
305,6
306,682
306,6
307,4
307,2
308,6
309,12
309,1
311,1774
311,1386
312,547
313,114
313,2
314,11
314,4
315,326
315,287
318,607
318,441
321,4
322,29
322,10
324,22
324,6
325,127
325,39
327,11
327,8
328,644
328,7
329,35
329,11
330,98
330,79
333,9
333,8
334,120
334,60
336,6
337,334
337,114
338,671
338,649
339,254
340,73
340,35
341,22
341,10
342,155
342,35
343,6
344,35
344,2
345,682
345,109
346,285
346,6
347,60
348,407
348,223
349,57
350,1486
350,999
351,1110
351,11
352,134
352,7
353,236
353,74
355,152
355,12
356,191
356,155
357,323
357,228
360,43
360,7
361,120
361,35
362,635
362,104
363,1191
363,259
364,313
364,125
365,313
367,236
367,63
368,301
368,287
369,902
371,524
371,57
372,127
372,121
373,908
373,604
374,725
374,696
375,89
376,51
377,78
378,325
378,6
379,88
379,12
380,858
380,6
381,669
381,127
382,392
382,235
384,908
384,120
385,1076
385,26
387,1426
387,7
388,1335
388,234
389,860
389,236
390,410
390,120
391,254
391,120
393,215
393,122
394,8
394,2
395,97
395,5
396,570
396,391
397,511
398,32
398,12
399,120
399,35
400,999
401,1014
401,464
402,2128
402,254
403,121
403,11
404,407
404,6
406,708
406,166
407,710
407,323
408,430
408,214
410,127
411,23
413,185
413,98
414,36
414,8
415,1761
415,68
416,58
419,29
419,10
420,948
420,10
421,4
422,122
423,860
423,426
424,6
425,77
425,31
426,704
426,6
427,357
427,104
428,1582
428,23
429,654
429,127
430,305
430,170
431,88
431,12
432,225
432,127
433,852
433,229
434,1079
434,82
436,737
436,140
437,236
437,94
438,223
438,121
440,250
440,52
442,2632
442,651
443,27
443,4
444,121
444,73
445,524
446,998
446,911
447,51
447,0
448,84
449,860
449,337
451,1390
452,866
454,11
455,806
456,18
456,5
457,70
457,24
458,10
458,0
459,325
459,108
460,479
460,2
461,570
461,36
462,1037
462,35
463,50
463,2
464,161
464,114
465,57
465,16
466,171
466,128
467,151
467,8
468,79
468,43
469,301
469,166
470,223
470,151
471,996
471,242
472,432
472,114
473,1349
473,211
474,191
474,35
475,18
475,7
476,48
477,109
478,35
478,6
479,323
480,756
480,227
481,127
483,860
483,170
484,121
484,109
486,332
486,175
487,238
487,60
488,61
489,127
490,24
490,11
491,407
491,59
493,445
493,89
494,10
494,2
495,16
495,8
496,11
497,35
497,11
499,369
499,149
501,278
502,31
503,242
503,69
504,1288
504,226
505,6
507,6
508,84
510,114
510,24
512,35
512,16
513,996
514,170
515,296
515,29
516,986
517,121
518,127
518,16
519,14
519,6
520,236
520,6
523,336
523,2
524,127
525,29
525,4
527,284
527,194
528,35
528,6
530,839
530,253
532,1737
532,104
533,166
533,164
535,3
537,1335
537,7
539,834
539,122
540,127
541,67
542,36
542,0
543,994
543,4
544,289
544,84
545,253
545,127
546,48
548,109
551,170
554,121
554,120
555,1552
555,35
556,39
556,30
557,48
557,19
558,35
558,20
560,6
560,4
561,35
563,625
564,833
564,671
565,35
566,597
566,104
567,81
567,8
568,930
568,649
569,438
569,8
570,651
570,120
571,43
571,41
572,554
572,182
573,325
574,270
574,12
575,236
575,26
576,121
576,16
577,128
578,161
578,6
579,170
580,52
581,2128
581,604
582,651
582,121
583,725
583,98
584,388
584,19
585,996
586,1141
587,169
587,23
589,7
591,236
591,29
592,910
592,0
593,182
593,121
595,280
595,141
596,1419
596,294
597,58
598,1243
598,369
599,43
600,242
600,215
602,1509
603,1111
603,58
607,24
607,14
608,325
608,134
609,4
609,0
611,153
613,1495
613,805
614,698
614,2
615,860
615,424
616,1804
616,77
617,180
617,19
618,39
618,6
619,2128
620,151
620,120
622,134
623,326
623,170
624,274
624,120
626,127
626,121
627,35
627,6
628,35
628,10
629,33
629,18
630,19
631,1349
631,524
632,121
633,226
633,6
634,19
635,35
635,2
638,68
639,1037
639,996
640,128
640,43
642,384
642,182
643,127
643,121
644,424
645,1247
645,61
646,196
646,120
647,24
647,4
648,228
648,26
649,973
649,2
651,127
652,2581
652,61
653,121
653,109
654,127
654,22
656,51
657,2294
657,195
658,23
658,10
659,234
659,40
660,152
660,2
661,97
661,0
662,994
662,87
663,955
663,134
664,1205
664,392
665,166
665,8
666,62
666,10
668,57
668,2
669,2587
669,625
671,388
671,48
672,1
673,1130
673,2
676,114
676,0
677,234
678,636
679,15
680,161
681,926
681,45
682,127
682,57
683,388
683,29
685,729
686,196
686,70
687,632
687,99
688,790
688,4
690,396
690,4
691,121
692,19
693,325
693,51
694,121
694,35
695,26
695,0
696,1055
696,4
697,68
697,22
698,127
698,120
699,26
701,254
702,1626
704,524
704,35
705,127
705,16
706,107
706,2
707,99
707,61
708,8
709,1335
709,41
710,908
710,479
711,841
712,530
712,35
713,121
714,6
714,2
715,6
716,6
717,96
717,19
718,22
718,6
719,205
719,7
721,22
721,6
722,107
722,31
724,111
724,100
725,9
726,60
726,22
728,994
728,7
729,166
729,104
730,43
731,521
732,0
733,564
733,469
734,89
734,29
735,634
735,583
736,403
737,2128
738,23
739,362
739,323
741,639
741,278
742,1665
742,229
743,171
744,134
744,48
745,374
745,55
746,99
746,43
747,651
747,109
748,471
748,4
749,2587
749,986
750,155
750,114
752,108
753,325
753,6
754,226
754,114
755,127
755,27
757,1962
757,326
758,1515
758,294
762,717
762,93
763,243
763,225
764,704
764,11
765,79
765,28
766,83
766,19
768,293
768,35
769,1325
769,86
770,930
770,649
771,1
772,6
773,996
773,19
774,64
775,1635
775,227
776,367
776,7
777,122
778,228
778,141
779,26
780,860
780,178
781,836
782,165
782,9
783,134
784,294
784,24
785,121
786,57
786,35
787,347
787,18
789,127
790,0
791,604
792,229
792,10
793,80
795,166
795,73
796,1515
796,238
797,155
797,61
798,22
798,2
800,986
801,127
802,36
802,10
803,669
803,35
804,43
806,223
807,51
807,6
808,30
809,9
809,6
811,1266
811,36
813,0
814,89
816,4
817,128
818,196
818,121
819,1386
819,570
820,986
820,0
821,651
821,11
823,132
826,725
826,7
827,57
828,36
828,35
829,6
830,626
831,410
833,234
833,81
834,127
834,120
836,120
836,77
837,6
837,2
838,388
838,2
839,70
839,60
840,604
841,562
842,57
842,19
843,911
843,46
844,261
844,6
845,2773
845,125
846,82
846,35
847,2
847,0
848,986
849,757
849,107
850,564
850,7
851,69
855,1669
855,228
856,191
858,168
858,164
859,757
859,28
860,170
860,87
862,229
862,22
863,293
863,223
864,120
864,2
865,151
865,93
868,114
869,87
869,53
870,57
870,9
871,4
872,35
872,23
873,22
874,438
875,433
875,4
876,651
876,120
878,999
878,144
879,120
879,11
882,2587
882,908
883,79
883,2
885,10
885,6
886,189
886,0
887,58
888,0
891,171
891,114
892,204
892,168
893,1426
894,168
894,35
895,1710
895,229
896,2689
896,204
897,6
898,240
898,79
899,127
900,151
900,22
901,113
901,5
902,127
904,426
904,6
905,166
906,925
906,140
909,36
909,8
910,860
910,45
911,410
911,16
912,526
912,20
913,634
913,229
915,142
916,293
916,0
917,405
917,166
918,121
919,134
919,104
920,127
921,120
922,388
922,48
923,6
925,87
926,155
926,36
927,77
927,12
928,698
930,22
931,9
931,0
932,259
932,42
933,113
933,39
934,79
935,1231
936,48
937,73
937,2
938,196
938,93
939,20
939,6
940,426
940,217
941,2080
941,708
943,171
943,6
944,254
944,0
945,336
947,0
948,56
949,1055
949,152
950,564
950,134
953,166
953,9
954,908
954,20
955,410
957,215
957,35
958,564
958,28
960,298
960,61
961,278
962,6
963,196
963,8
964,209
964,29
965,757
965,134
966,4
966,0
968,58
968,29
969,356
970,215
970,195
971,59
971,2
972,468
972,25
973,1509
974,114
975,69
975,35
976,1768
976,121
977,525
977,134
978,203
979,651
979,121
980,156
980,73
981,2791
982,116
983,6
984,22
984,4
985,34
986,1267
986,540
987,25
988,161
988,127
989,710
989,127
990,280
990,4
991,253
991,45
992,73
992,46
993,88
993,7
994,1546
994,134
995,357
995,22
996,654
996,9
997,35
997,2
998,120
999,999
999,737
1000,24
1000,8
1001,61
1001,6
1002,81
1002,1
1004,305
1005,585
1005,63
1006,127
1006,2
1007,1982
1007,113
1008,35
1009,651
1009,60
1010,9
1010,8
1011,796
1011,104
1012,242
1013,147
1013,35
1015,2587
1016,2128
1016,121
1017,69
1017,2
1018,127
1018,121
1020,1055
1020,39
1021,1068
1022,996
1023,514
1023,87
1026,29
1027,838
1029,10
1031,79
1031,52
1035,1669
1036,127
1037,323
1037,127
1039,1834
1039,790
1040,238
1040,127
1041,121
1043,51
1043,19
1045,253
1045,82
1046,185
1047,186
1047,166
1048,862
1048,24
1049,35
1049,16
1050,320
1050,58
1051,63
1052,310
1052,26
1053,323
1054,1047
1054,0
1055,1037
1055,134
1056,825
1057,1213
1057,310
1058,1830
1058,196
1059,2091
1059,1967
1060,9
1060,6
1062,729
1062,62
1063,127
1063,11
1064,1509
1064,1072
1065,113
1065,10
1066,555
1066,191
1068,75
1068,12
1070,524
1070,24
1071,287
1071,62
1072,8
1073,10
1074,973
1074,234
1075,127
1076,570
1076,24
1077,82
1077,9
1078,1774
1078,1386
1079,127
1081,860
1081,830
1083,651
1083,20
1085,144
1086,757
1086,107
1087,122
1087,11
1089,830
1089,671
1090,35
1090,19
1091,223
1091,121
1093,1393
1093,636
1094,59
1094,6
1095,89
1095,58
1098,407
1099,98
1099,76
1100,35
1101,1487
1101,227
1102,127
1102,121
1103,11
1104,127
1105,357
1105,10
1106,120
1106,0
1107,6
1109,98
1109,73
1110,2791
1110,805
1111,725
1111,56
1112,564
1112,404
1113,109
1113,11
1115,438
1115,73
1116,8
1117,236
1117,39
1118,294
1118,11
1119,127
1121,161
1121,122
1122,388
1122,35
1123,419
1124,258
1124,22
1125,1737
1125,289
1126,101
1126,53
1128,301
1128,73
1129,215
1129,11
1130,127
1132,651
1132,35
1134,121
1135,617
1135,19
1136,1831
1136,59
1137,325
1137,229
1138,29
1138,2
1139,223
1139,16
1141,242
1141,225
1143,23
1143,8
1144,186
1144,121
1146,114
1146,11
1147,0
1148,1714
1148,127
1149,323
1150,454
1150,215
1151,406
1151,91
1153,736
1153,46
1154,6
1155,325
1155,22
1156,326
1156,28
1157,191
1157,155
1158,626
1158,369
1159,26
1162,227
1162,225
1163,24
1163,11
1164,65
1164,2
1166,56
1167,127
1168,39
1168,6
1169,2
1170,43
1170,0
1171,229
1171,109
1172,227
1172,60
1173,2587
1173,908
1174,908
1175,704
1175,426
1176,19
1176,2
1177,59
1178,860
1178,278
1179,87
1179,2
1180,1882
1181,104
1181,24
1183,1481
1183,209
1184,113
1184,22
1185,1244
1185,114
1186,453
1186,104
1188,360
1188,189
1189,274
1189,6
1190,35
1191,2587
1191,908
1192,170
1193,6
1195,18
1195,2
1196,121
1196,16
1197,295
1197,98
1198,236
1198,87
1199,610
1199,50
1200,296
1200,29
1201,238
1201,67
1202,855
1202,757
1204,121
1205,6
1205,0
1206,11
1206,0
1207,127
1207,121
1209,88
1209,4
1210,287
1213,604
1213,127
1214,439
1214,36
1215,654
1215,28
1216,554
1216,25
1217,68
1217,20
1219,121
1219,120
1220,24
1220,6
1221,25
1222,737
1222,166
1223,70
1223,8
1226,2056
1226,436
1228,215
1228,93
1229,127
1229,35
1233,99
1233,79
1234,287
1234,166
1235,619
1235,122
1236,182
1236,48
1237,2665
1237,127
1238,237
1239,21
1240,39
1240,20
1241,19
1241,4
1243,226
1243,121
1246,547
1247,924
1247,334
1248,229
1248,113
1249,56
1249,0
1250,228
1250,123
1252,151
1252,127
1253,310
1253,122
1254,2140
1254,310
1257,564
1257,285
1258,445
1258,1
1259,236
1259,227
1260,4
1262,215
1262,36
1263,161
1263,35
1265,12
1267,197
1268,994
1269,11
1269,8
1270,334
1270,2
1272,253
1273,120
1273,16
1274,285
1274,114
1275,866
1276,8
1276,4
1277,6
1278,104
1278,93
1279,24
1279,16
1280,113
1280,1
1281,191
1282,48
1282,0
1283,431
1285,177
1285,10
1287,94
1287,28
1288,161
1288,28
1289,2378
1289,7
1290,839
1290,287
1291,280
1292,28
1294,61
1297,604
1298,632
1298,73
1299,2004
1299,76
1300,2149
1300,25
1301,4
1303,1486
1303,287
1304,1511
1305,22
1306,604
1308,35
1308,24
1309,598
1309,44
1310,18
1311,232
1311,229
1312,1078
1312,161
1313,407
1313,8
1314,791
1315,127
1315,24
1316,151
1316,16
1318,87
1318,4
1319,121
1320,170
1320,39
1321,1698
1321,11
1322,294
1322,155
1323,1335
1323,7
1325,638
1325,236
1326,35
1326,11
1328,6
1328,2
1331,141
1331,61
1332,127
1332,121
1333,28
1333,4
1334,923
1334,63
1335,682
1335,109
1337,407
1337,147
1338,796
1338,236
1339,18
1339,12
1340,278
1340,241
1341,4
1342,57
1342,8
1343,757
1343,170
1344,583
1344,87
1345,241
1346,228
1346,23
1347,681
1347,4
1348,166
1348,31
1349,908
1349,651
1350,171
1350,155
1351,1079
1351,536
1353,35
1353,11
1354,121
1355,228
1355,151
1356,169
1356,0
1357,246
1357,234
1358,293
1358,9
1360,2617
1360,84
1364,259
1364,11
1365,419
1365,171
1366,632
1366,19
1367,695
1369,120
1372,254
1372,57
1373,41
1374,323
1374,127
1375,386
1375,109
1376,227
1376,35
1377,61
1378,87
1378,33
1379,1967
1379,121
1380,388
1380,28
1381,4
1382,84
1382,41
1383,121
1383,23
1384,1236
1385,36
1387,597
1387,24
1389,1302
1391,168
1391,127
1393,121
1393,109
1394,28
1394,0
1395,453
1395,236
1397,4
1399,23
1399,11
1400,177
1401,424
1401,22
1402,171
1402,0
1403,91
1403,70
1404,29
1405,73
1405,61
1406,24
1406,6
1407,925
1407,371
1408,205
1408,18
1409,426
1409,113
1410,570
1411,704
1411,56
1412,2138
1412,23
1413,325
1414,66
1414,4
1415,1078
1415,82
1416,205
1417,659
1417,130
1418,214
1419,121
1419,120
1420,654
1420,104
1421,698
1421,6
1422,729
1422,104
1423,127
1424,833
1424,564
1425,999
1425,166
1426,254
1427,704
1427,29
1430,381
1430,28
1433,1173
1433,59
1434,70
1434,11
1436,114
1436,2
1437,134
1437,36
1438,490
1438,127
1439,147
1439,36
1440,120
1440,16
1441,20
1441,11
1442,23
1442,6
1443,63
1443,19
1444,1665
1447,0
1448,155
1448,151
1449,806
1450,524
1450,127
1452,15
1452,5
1453,324
1454,986
1455,601
1458,948
1458,8
1459,4
1460,430
1460,214
1461,729
1461,22
1462,7
1463,89
1464,336
1464,236
1465,78
1465,58
1466,278
1466,161
1469,269
1469,0
1470,22
1470,10
1471,128
1471,4
1473,227
1473,4
1474,50
1474,4
1476,986
1476,170
1477,6
1479,36
1479,9
1480,959
1481,2709
1481,970
1482,19
1482,12
1483,1072
1483,708
1484,24
1484,2
1486,369
1486,11
1487,127
1488,433
1488,39
1489,6
1490,223
1491,16
1492,1630
1492,60
1493,127
1493,6
1494,64
1494,2
1496,61
1497,178
1497,134
1498,147
1499,121
1499,16
1500,986
1500,134
1501,839
1501,410
1503,127
1503,8
1505,196
1505,36
1506,614
1506,10
1507,753
1507,445
1508,205
1508,15
1509,69
1510,223
1510,127
1511,1208
1511,151
1512,253
1513,561
1513,29
1514,996
1514,22
1516,2138
1516,7
1517,2858
1517,89
1518,1833
1518,127
1519,48
1519,0
1520,653
1520,35
1521,128
1524,1141
1524,151
1526,986
1526,625
1527,544
1528,227
1528,127
1529,6
1530,120
1530,107
1531,25
1532,98
1533,61
1533,20
1534,1079
1534,93
1535,970
1535,19
1536,22
1536,6
1537,4
1538,254
1538,179
1539,254
1539,127
1541,60
1541,36
1542,177
1546,388
1546,56
1547,900
1547,166
1548,1018
1548,23
1549,48
1549,35
1550,98
1550,94
1551,151
1551,22
1552,254
1553,11
1555,2689
1555,120
1557,2128
1557,236
1558,469
1558,228
1559,1393
1559,229
1560,127
1560,121
1561,127
1562,230
1562,11
1563,164
1563,10
1564,284
1564,58
1565,149
1565,35
1566,151
1566,120
1567,1130
1567,2
1568,120
1568,35
1569,651
1569,99
1570,120
1570,11
1571,57
1571,19
1572,153
1572,35
1573,1710
1573,63
1574,114
1574,8
1575,254
1575,2
1576,994
1576,63
1577,287
1577,229
1578,729
1578,301
1581,908
1581,518
1582,168
1584,10
1584,6
1585,22
1586,1546
1586,421
1587,12
1588,999
1588,8
1589,651
1589,120
1590,636
1592,41
1592,29
1593,8
1594,671
1594,76
1597,334
1597,6
1600,194
1600,127
1602,392
1605,152
1606,128
1607,107
1607,98
1608,73
1608,69
1609,56
1609,4
1610,1187
1610,459
1613,229
1614,920
1614,7
1615,757
1616,73
1616,10
1617,161
1617,48
1619,710
1619,293
1620,36
1621,151
1621,7
1623,104
1623,91
1625,994
1625,36
1626,325
1626,243
1627,604
1628,570
1629,419
1629,35
1630,120
1630,16
1631,121
1632,127
1632,16
1633,6
1634,652
1634,347
1635,625
1635,238
1637,908
1637,254
1638,149
1638,143
1640,99
1641,922
1641,237
1642,1844
1642,23
1643,259
1645,704
1645,77
1646,1735
1646,170
1647,1270
1647,567
1648,128
1648,4
1649,636
1649,626
1650,1130
1650,121
1651,540
1652,274
1652,226
1653,334
1653,61
1654,1018
1654,180
1655,75
1656,454
1656,204
1657,155
1657,35
1659,4
1661,410
1662,1076
1662,45
1664,76
1665,439
1665,370
1666,36
1666,35
1667,23
1667,11
1668,113
1668,55
1670,121
1670,16
1672,280
1674,229
1676,289
1677,805
1677,323
1678,2699
1678,301
1679,6
1682,1165
1683,171
1683,6
1684,1700
1685,2498
1685,64
1686,1844
1687,86
1688,121
1688,99
1690,1261
1690,171
1691,134
1691,2
1692,6
1695,930
1695,460
1696,2004
1696,20
1697,326
1697,67
1698,2755
1698,889
1699,1768
1699,25
1700,725
1701,1247
1701,907
1702,236
1702,69
1703,891
1703,24
1704,44
1704,43
1705,278
1705,6
1706,320
1707,234
1707,4
1708,1913
1708,57
1709,1055
1709,7
1710,166
1713,178
1714,323
1714,120
1715,61
1715,24
1717,536
1717,45
1720,839
1720,729
1721,686
1721,14
1722,620
1722,35
1723,1247
1723,89
1724,1808
1724,35
1725,121
1726,973
1726,76
1727,174
1727,8
1729,127
1729,57
1730,120
1731,1012
1731,73
1732,1267
1732,996
1734,242
1734,230
1735,1055
1735,41
1736,101
1736,11
1737,1335
1737,900
1741,242
1741,11
1742,258
1742,22
1744,2633
1744,467
1747,407
1747,229
1748,280
1748,18
1750,227
1750,127
1751,1431
1752,228
1752,40
1754,234
1754,40
1756,39
1758,68
1758,6
1760,323
1760,127
1761,632
1761,325
1762,161
1762,2
1763,1161
1763,11
1764,26
1765,654
1765,28
1767,284
1767,36
1768,1774
1768,1386
1769,889
1769,851
1771,445
1771,125
1772,179
1772,166
1773,2667
1775,39
1775,6
1776,2276
1776,242
1777,1804
1777,77
1779,151
1779,11
1781,323
1781,16
1782,1072
1782,39
1783,151
1785,24
1787,412
1788,253
1788,0
1790,9
1791,337
1791,289
1793,1737
1793,229
1795,636
1796,253
1796,24
1798,285
1798,2
1799,636
1800,7
1801,127
1802,459
1802,51
1803,6
1804,908
1804,127
1805,696
1806,10
1807,1710
1807,370
1808,1037
1808,19
1810,39
1812,591
1813,114
1813,73
1814,407
1814,229
1815,1426
1817,1186
1817,63
1818,1078
1818,846
1819,171
1819,128
1820,73
1820,24
1821,279
1821,40
1822,298
1822,61
1824,104
1824,2
1826,78
1826,4
1829,790
1829,68
1830,323
1831,223
1831,121
1832,586
1833,384
1833,227
1834,134
1834,31
1836,63
1837,426
1838,120
1840,39
1841,1694
1841,1497
1843,424
1844,195
1844,99
1845,236
1845,104
1846,2374
1846,7
1849,29
1851,121
1853,651
1853,120
1855,26
1857,161
1858,948
1858,225
1859,4
1860,6
1861,2432
1861,1806
1862,1714
1862,1018
1863,99
1863,42
1864,121
1866,9
1867,121
1867,45
1868,34
1870,406
1870,6
1871,499
1871,6
1875,39
1875,4
1876,93
1876,11
1877,222
1877,84
1878,2486
1878,714
1879,104
1879,18
1881,1078
1881,161
1883,31
1883,19
1885,1261
1885,171
1886,49
1887,6
1888,1515
1888,67
1889,24
1889,8
1890,2791
1890,121
1891,223
1891,11
1893,334
1893,114
1894,1088
1894,979
1895,168
1895,78
1896,121
1896,114
1897,127
1901,1270
1901,325
1903,35
1904,121
1904,51
1906,426
1906,49
1907,704
1907,109
1908,215
1908,114
1910,1762
1911,58
1912,1737
1912,4
1914,104
1914,19
1915,1765
1915,280
1916,18
1917,805
1919,190
1920,45
1920,18
1921,61
1922,1389
1922,1367
1923,2030
1923,104
1924,241
1924,6
1925,162
1925,30
1926,305
1927,20
1928,127
1928,73
1929,986
1929,704
1932,20
1932,2
1934,89
1934,24
1935,43
1935,39
1936,97
1937,153
1937,4
1938,121
1938,60
1939,191
1939,147
1940,986
1941,6
1943,254
1944,51
1944,0
1945,258
1945,69
1946,161
1946,114
1947,278
1947,39
1951,4
1952,973
1953,97
1953,5
1954,223
1954,35
1955,197
1956,1018
1956,259
1957,986
1958,337
1959,2
1960,996
1960,336
1961,986
1961,228
1962,326
1962,325
1963,973
1964,24
1965,1072
1965,406
1966,432
1966,36
1969,159
1970,2
1973,432
1973,4
1975,529
1976,114
1977,410
1977,11
1978,301
1978,59
1979,8
1979,0
1980,18
1982,171
1982,82
1983,613
1983,2
1984,4
1985,598
1986,151
1986,16
1988,59
1989,97
1989,52
1990,697
1991,1426
1992,134
1993,227
1993,16
1994,231
1994,4
1995,4
1996,170
1997,407
1999,801
1999,441
2001,56
2001,29
2003,6
2004,168
2004,35
2005,62
2006,756
2006,9
2007,1133
2007,226
2009,410
2010,2791
2010,805
2011,0
2013,22
2014,1555
2014,642
2015,26
2016,2617
2016,313
2017,923
2017,63
2018,598
2019,602
2019,229
2020,358
2020,296
2022,104
2022,44
2023,39
2024,410
2024,89
2025,254
2025,127
2027,25
2027,10
2028,1141
2028,651
2029,167
2029,127
2030,127
2031,1076
2031,426
2032,407
2032,171
2034,149
2034,2
2035,356
2035,284
2036,694
2036,24
2037,1
2038,1405
2042,179
2042,134
2043,229
2044,109
2046,29
2046,20
2047,388
2047,170
2048,278
2048,0
2049,35
2050,12
2051,756
2051,453
2052,127
2052,16
2053,334
2053,242
2054,562
2054,337
2055,2
2056,1439
2056,40
2058,287
2059,29
2059,19
2060,281
2061,228
2061,170
2062,0
2066,236
2066,56
2067,223
2069,73
2069,9
2070,410
2070,24
2071,1204
2071,287
2072,598
2073,651
2073,2
2074,802
2074,35
2075,1234
2075,729
2076,1015
2077,229
2077,191
2079,713
2079,196
2080,16
2085,127
2085,48
2086,96
2086,9
2087,1390
2087,323
2088,1361
2088,98
2089,23
2089,16
2090,16
2091,1079
2091,636
2093,127
2094,1509
2094,651
2095,2665
2095,35
2096,28
2097,120
2097,24
2098,398
2098,56
2099,6
2099,0
2101,480
2101,0
2102,632
2102,6
2103,269
2104,39
2104,11
2107,84
2108,84
2110,16
2110,11
2111,969
2111,10
2115,1198
2115,116
2116,223
2116,24
2118,121
2118,19
2119,36
2120,215
2120,8
2123,296
2123,40
2124,323
2124,127
2125,1551
2126,29
2127,860
2127,194
2129,2684
2129,205
2130,280
2130,41
2131,254
2131,164
2132,73
2132,7
2133,1389
2133,1372
2134,1161
2134,798
2135,228
2135,134
2136,2671
2137,432
2138,1037
2138,87
2139,544
2140,834
2140,626
2141,729
2141,708
2142,127
2146,16
2147,113
2148,50
2148,41
2149,70
2150,121
2150,120
2151,134
2151,18
2152,1665
2152,1434
2153,323
2154,2791
2154,908
2156,280
2156,28
2157,7
2157,6
2160,2582
2162,1534
2163,56
2165,227
2165,0
2166,122
2166,23
2167,801
2167,22
2168,65
2168,4
2170,454
2170,69
2173,59
2173,19
2174,388
2174,0
2175,1816
2175,29
2176,97
2177,2754
2178,41
2178,12
2179,35
2179,6
2181,602
2181,89
2182,56
2182,4
2183,649
2183,178
2184,407
2184,24
2185,223
2185,11
2186,1236
2186,10
2190,710
2190,293
2191,1737
2191,22
2192,512
2192,230
2193,340
2193,134
2195,147
2195,35
2196,562
2198,1130
2198,166
2199,294
2199,11
2201,20
2203,89
2203,24
2205,7
2209,334
2210,145
2210,114
2213,127
2213,41
2214,773
2214,564
2215,432
2215,11
2217,564
2217,7
2218,2301
2218,87
2220,242
2220,121
2221,1045
2221,60
2224,323
2224,127
2225,36
2225,6
2226,2
2227,127
2227,121
2228,227
2229,1042
2229,388
2231,2142
2231,60
2232,61
2232,24
2233,407
2233,79
2234,96
2234,69
2235,313
2235,125
2236,323
2236,121
2237,388
2237,31
2238,207
2238,64
2240,10
2240,6
2241,35
2242,1386
2242,908
2243,384
2243,60
2244,125
2245,604
2246,36
2247,2363
2247,104
2248,298
2248,68
2249,169
2249,127
2250,369
2250,8
2251,6
2252,113
2254,654
2254,62
2255,227
2255,200
2256,4
2257,185
2257,31
2258,81
2259,986
2261,756
2261,22
2262,280
2262,29
2263,11
2265,994
2265,49
2266,234
2266,81
2267,118
2267,97
2268,227
2268,60
2270,889
2270,227
2272,737
2272,196
2273,1300
2273,140
2274,994
2274,75
2275,1546
2275,179
2276,223
2276,121
2277,1266
2277,8
2278,634
2278,227
2279,109
2279,10
2280,1
2283,632
2283,70
2284,121
2284,31
2286,254
2286,121
2287,51
2288,280
2288,1
2289,340
2289,6
2290,432
2290,280
2291,1914
2291,58
2293,94
2293,43
2294,1018
2294,161
2297,35
2297,24
2298,973
2298,9
2299,2489
2299,10
2300,196
2300,51
2301,127
2302,994
2302,9
2305,175
2305,58
2307,189
2308,954
2308,93
2310,536
2310,147
2311,73
2311,20
2312,274
2312,69
2314,1223
2314,708
2316,1130
2316,60
2317,315
2317,6
2318,7
2319,28
2320,121
2321,649
2321,51
2322,651
2322,0
2323,68
2323,51
2324,306
2324,155
2326,633
2327,171
2327,48
2330,2776
2330,564
2331,432
2333,1571
2333,8
2334,121
2334,11
2336,36
2336,24
2337,680
2337,127
2341,432
2341,226
2342,45
2343,310
2343,23
2344,1037
2345,1037
2346,171
2346,22
2347,326
2348,1
2349,169
2350,469
2353,315
2354,2791
2354,636
2355,1956
2356,2138
2359,70
2359,11
2360,973
2361,1783
2361,16
2362,716
2362,236
2364,2614
2364,152
2365,23
2365,11
2367,45
2367,2
2369,676
2369,44
2370,433
2370,134
2371,121
2371,23
2372,35
2372,11
2373,24
2374,1500
2374,229
2375,1072
2375,6
2376,99
2378,1500
2378,651
2379,225
2379,19
2380,651
2380,121
2382,996
2382,280
2383,227
2383,127
2384,278
2385,69
2385,23
2386,114
2386,70
2387,644
2387,22
2388,608
2388,325
2389,412
2389,264
2390,229
2390,24
2391,174
2392,996
2394,109
2394,2
2395,144
2395,4
2396,121
2396,120
2397,986
2399,805
2399,636
2403,147
2403,8
2404,323
2405,8
2407,242
2407,25
2409,225
2410,280
2410,241
2411,104
2411,57
2412,127
2414,48
2414,18
2415,994
2415,41
2416,1546
2416,31
2418,1797
2419,524
2419,121
2421,153
2421,94
2422,407
2422,0
2423,242
2423,113
2424,2261
2425,604
2426,84
2427,1072
2427,729
2428,125
2428,114
2429,228
2429,60
2430,18
2431,669
2431,227
2432,826
2432,29
2433,94
2434,1546
2434,104
2435,127
2435,121
2436,113
2436,43
2437,217
2437,100
2438,2339
2438,215
2439,229
2439,97
2440,228
2440,860
2441,56
2441,49
2442,1897
2442,26
2444,166
2445,118
2446,888
2446,173
2448,70
2448,11
2449,2149
2449,0
2450,4
2450,0
2451,311
2451,60
2452,137
2454,121
2454,70
2455,7
2456,269
2456,0
2457,151
2457,121
2458,1008
2458,127
2459,151
2459,134
2461,407
2461,191
2464,816
2466,2
2467,336
2467,197
2468,35
2470,0
2471,189
2471,8
2472,195
2472,6
2474,98
2474,12
2475,1967
2475,215
2476,1661
2476,770
2477,4
2478,35
2479,710
2479,570
2480,973
2480,89
2481,20
2482,11
2484,996
2485,407
2486,113
2486,35
2487,1597
2487,586
2488,125
2488,108
2490,178
2491,31
2491,20
2492,73
2493,127
2493,35
2495,2582
2495,20
2496,982
2496,116
2498,1191
2498,114
2499,296
2501,2108
2501,289
2502,84
2504,614
2506,19
2506,6
2507,229
2507,39
2508,2149
2508,906
2509,133
2510,215
2512,128
2512,69
2513,1223
2513,406
2514,451
2514,149
2516,104
2516,6
2517,1361
2517,93
2519,774
2522,1774
2522,121
2523,36
2523,16
2525,229
2525,166
2526,161
2526,35
2527,128
2527,28
2529,191
2529,114
2530,2009
2530,280
2531,320
2531,69
2533,1729
2533,15
2534,407
2534,227
2535,55
2536,15
2538,791
2539,36
2540,36
2540,35
2544,2713
2544,7
2545,8
2545,6
2548,1509
2548,197
2550,225
2551,986
2551,170
2552,1904
2552,467
2553,170
2553,94
2554,229
2554,120
2556,651
2556,582
2558,69
2558,22
2559,93
2559,16
2560,79
2561,830
2561,0
2563,209
2563,61
2564,1130
2564,228
2566,51
2566,10
2567,243
2567,97
2568,229
2568,8
2569,11
2569,6
2571,11
2571,8
2573,407
2573,161
2576,323
2576,127
2577,107
2578,2398
2578,127
2580,296
2581,384
2581,61
2582,795
2582,178
2583,925
2585,2138
2585,69
2586,24
2586,22
2588,60
2588,11
2590,278
2590,40
2591,729
2591,413
2592,166
2592,147
2593,925
2593,242
2595,94
2595,59
2596,554
2596,61
2597,698
2597,24
2599,973
2600,1079
2601,860
2601,104
2603,152
2604,1815
2604,4
2605,259
2605,80
2606,1367
2606,31
2610,98
2611,2582
2611,676
2612,179
2612,150
2614,223
2614,134
2616,229
2621,125
2621,62
2622,127
2623,384
2623,114
2625,343
2625,87
2626,197
2626,127
2627,121
2627,120
2628,972
2629,626
2629,127
2630,357
2630,35
2631,69
2631,23
2633,69
2633,23
2634,798
2634,625
2635,293
2635,9
2636,1386
2636,636
2639,698
2639,6
2640,1076
2640,337
2641,179
2641,36
2643,68
2643,43
2645,925
2645,7
2647,98
2647,81
2651,1072
2651,35
2652,406
2652,0
2653,2412
2653,26
2654,121
2654,16
2657,141
2657,53
2660,10
2660,6
2662,8
2666,1774
2666,121
2667,1008
2667,650
2669,114
2669,23
2671,1284
2671,151
2674,241
2676,161
2676,23
2677,1223
2677,22
2679,35
2681,6
2682,925
2682,482
2683,127
2685,156
2685,99
2688,651
2688,120
2690,430
2691,2138
2691,1983
2692,166
2692,70
2694,1072
2694,325
2695,651
2695,6
2696,1064
2696,140
2697,234
2697,40
2698,2286
2698,58
2699,35
2699,22
2700,1018
2701,70
2701,36
2702,651
2702,310
2703,147
2703,23
2704,411
2704,161
2705,280
2705,39
2706,1131
2706,120
2707,757
2707,632
2708,480
2708,171
2709,970
2709,708
2712,1141
2712,151
2715,532
2715,243
2716,22
2717,517
2717,5
2718,253
2718,61
2724,570
2724,36
2725,20
2725,8
2726,1386
2726,1237
2729,1037
2729,134
2730,161
2730,127
2731,679
2731,5
2732,986
2732,151
2733,4
2734,259
2734,69
2738,40
2739,651
2739,127
2740,1348
2741,227
2741,223
2742,2582
2742,22
2743,56
2744,57
2745,1737
2746,530
2746,11
2747,15
2748,1141
2748,242
2749,1797
2749,310
2751,1230
2751,419
2753,174
2753,116
2754,127
2755,127
2755,35
2757,2300
2757,16
2758,6
2759,2752
2759,22
2760,388
2760,162
2762,2377
2762,35
2764,1481
2764,229
2767,127
2767,121
2768,25
2768,0
2770,280
2770,133
2771,1899
2771,1063
2773,253
2773,127
2774,223
2774,8
2776,1772
2776,45
2778,439
2778,229
2779,261
2779,11
2780,35
2781,127
2781,11
2782,0
2783,697
2783,56
2784,698
2785,480
2785,2
2786,278
2786,91
2787,22
2788,598
2790,1701
2790,121
2794,2254
2794,84
2796,2537
2796,1140
2797,1038
2797,161
2799,127
2799,16
2800,996
2801,94
2802,400
2803,226
2804,604
2806,120
2806,8
2807,973
2807,218
2809,106
2810,973
2810,602
2812,986
2813,209
2813,24
2814,1737
2814,104
2815,1500
2815,585
2818,485
2818,60
2819,2
2820,970
2820,582
2821,1386
2821,636
2823,1737
2823,370
2824,301
2824,242
2826,1348
2828,430
2828,214
2829,287
2829,62
2830,860
2831,716
2831,113
2832,981
2832,35
2833,686
2833,134
2835,538
2835,280
2838,35
2839,986
2839,19
2841,1272
2842,2428
2842,403
2843,1571
2843,191
2844,996
2844,625
2846,434
2850,2339
2851,35
2852,973
2853,278
2857,7
2858,2351
2859,999
2859,364
2861,756
2862,1222
2862,242
2863,634
2863,229
2865,860
2865,19
2867,2301
2867,1154
2868,280
2868,87
2871,63
2871,10
2874,6
2876,1844
2877,125
2878,22
2878,8
2879,324
2880,215
2880,209
2882,59
2882,22
2883,69
2884,654
2884,323
2886,407
2887,996
2889,1710
2889,1589
2890,541
2890,250
2891,128
2899,410
2900,410
2901,410
2903,18
2904,236
2906,236
2906,45
2907,10
2908,1064
2908,161
2909,0
2911,128
2911,4
2912,26
2915,69
2915,44
2916,986
2916,280
2917,651
2917,120
2919,533
2920,1073
2920,63
2922,236
2922,201
2923,2667
2923,686
2927,698
2927,70
2930,1361
2930,79
2931,2470
2932,424
2933,1079
2933,215
2935,1322
2936,2231
2937,1710
2937,212
2939,708
2939,2938
2941,2667
2941,706
2942,1196
2942,986
2947,7
2948,738
2948,11
2951,830
2951,698
2952,973
2953,1509
2953,651
2957,911
2957,445
2958,430
2958,29
2959,170
2959,28
2963,1737
2964,2364
2964,96
2965,1335
2965,532
2966,632
2966,532
2967,632
2968,1547
2968,632
2971,708
2971,70
2972,70
2972,36
2974,229
2974,179
2975,2145
2976,200
2979,97
2984,613
2985,228
2985,1158
2987,62
2988,1063
2988,2
2991,97
2995,410
2996,1426
2996,737
2998,669
2998,87
2999,1426
2999,64
3000,546
3000,94
3001,1334
3001,519
3002,324
3002,296
3005,152
3006,2958
3007,241
3007,2958
3008,176
3008,2958
3009,31
3010,175
3010,2958
3012,105
3012,23
3014,215
3014,57
3015,3
3017,306
3019,223
3020,4
3021,120
3021,11
3023,336
3023,298
3024,2149
3025,924
3025,121
3026,121
3026,16
3027,1296
3028,296
3029,1078
3029,161
3031,35
3035,254
3038,1042
3038,77
3039,737
3039,287
3041,368
3041,301
3049,73
3051,1890
3052,120
3052,104
3065,315
3066,2872
3066,149
3067,2
3068,10
3068,6
3069,2509
3069,350
3072,1008
3072,35
3076,925
3076,200
3077,457
3077,11
3078,344
3078,69
3079,1977
3079,45
3081,11
3083,43
3083,2
3084,109
3084,22
3085,127
3085,121
3088,121
3088,60
3089,98
3091,632
3093,22
3094,361
3095,216
3095,2
3096,17
3096,3095
3097,166
3097,22
3098,6
3099,1390
3099,323
3100,2
3101,788
3101,223
3106,120
3106,16
3107,419
3107,3108
3108,413
3109,360
3110,215
3110,1
3111,2872
3111,599
3112,1191
3113,127
3116,450
3117,2791
3117,469
3118,19
3119,2486
3119,82
3120,109
3121,127
3123,171
3123,65
3126,1229
3127,109
3128,1433
3129,64
3129,61
3130,625
3130,109
3134,293
3136,35
3136,16
3137,20
3137,6
3139,177
3140,725
3140,6
3142,2587
3142,323
3151,296
3152,296
3153,564
3153,114
3155,834
3156,41
3156,29
3167,3216
3168,325
3168,280
3169,121
3174,128
3174,4
3175,2911
3176,2911
3177,367
3177,4
3178,973
3180,1513
3180,55
3182,713
3182,35
3183,69
3183,26
3184,128
3184,4
3185,127
3186,467
3188,323
3189,2667
3189,69
3191,994
3194,334
3194,254
3196,190
3197,2149
3199,119
3200,323
3200,215
3201,979
3201,104
3203,70
3206,517
3206,281
3207,2582
3207,22
3208,706
3208,639
3209,368
3209,287
3210,430
3210,280
3211,986
3211,93
3212,1546
3216,1267
3216,839
3217,911
3218,2138
3218,337
3219,858
3219,128
3221,532
3223,707
3224,532
3225,236
3228,1726
3228,710
3229,197
3230,123
3230,22
3231,147
3232,142
3232,43
3233,30
3235,8
3238,1833
3238,89
3239,975
3239,127
3240,2227
3240,125
3241,1047
3241,79
